experiment,system,eval_domain,k,seed,n_test,mean_macro_f1,f1_MI,ci_low_MI,ci_high_MI,f1_ML,ci_low_ML,ci_high_ML,f1_PG,ci_low_PG,ci_high_PG,f1_AC,ci_low_AC,ci_high_AC,ece_mean,max_shortcut_gap
a2,tfidf_logreg,math,0,0,473,0.5174270835663792,0.5441097959555712,0.4946468391121919,0.6039656554279162,0.5092839527132006,0.4466879579165739,0.5732023335868065,0.5015079779401549,0.4395166105650424,0.5613914922433669,0.5148066076565904,0.463584954862196,0.5650174613921604,0.07645656572578091,-0.12205190563558622
a2,tfidf_logreg,programming,0,0,45,0.532791344228998,0.5076536771452026,0.25641025641025644,0.7238095238095239,0.3967797584818862,0.21371070958027505,0.5656565656565656,0.6562678062678063,0.2745098039215686,0.7967110959216213,0.570464135021097,0.2745098039215686,0.6535947712418301,0.28187667457847065,-0.3465542247236406
a,majority,math,0,0,473,0.2529586686514784,0.294811320754717,0.28525252525252526,0.3028239705823997,0.2597849462365591,0.24381248820977175,0.2737814496411389,0.23470319634703196,0.2174728607918263,0.24933972407735525,0.22253521126760564,0.20662768031189083,0.23711963765828334,,
a,majority,programming,0,0,45,0.27199450807045744,0.26666666666666666,0.2261904761904762,0.2948717948717949,0.2380952380952381,0.18279569892473116,0.2716049382716049,0.2869198312236287,0.26436781609195403,0.29696969696969694,0.2962962962962963,0.26436781609195403,0.31067961165048547,,
c,math_trained,math,0,0,473,0.5055662845483292,0.5950044253898285,0.5376491635575813,0.6659296918703466,0.4683450314518276,0.4392755782284456,0.4970240293767925,0.44288510576351275,0.40466388749129684,0.4821404175816731,0.5160305755881479,0.481231604782394,0.546932740419118,0.055188968872167087,0.13505247503942128
c,math_trained,math,0,1,473,0.525347283119193,0.6043198822137148,0.5464723318726161,0.6744508978337277,0.4844154925217361,0.45180743178275834,0.5176874595620713,0.4928436912645882,0.4419543527246121,0.5483179992012097,0.5198100664767331,0.4878587055716887,0.5541766096798374,0.03823411834857429,0.10516126577573089
c,math_trained,math,0,2,473,0.5043118211031568,0.5591369574378424,0.5257663478533708,0.5917023707794292,0.47520780393361445,0.44376341646642026,0.5059231370232602,0.46407785057528966,0.4192357508878244,0.5107022105982467,0.5188246724658803,0.49420704809927385,0.5421308713797347,0.04528694711704335,0.14122205131496784
c,math_trained,math,0,3,473,0.5339447060199386,0.633354898298809,0.5679656633630011,0.7104266447789169,0.4774054888129616,0.4468418338955949,0.5067785659839529,0.5031336202140572,0.44817828208434257,0.5602506352605137,0.5218848167539267,0.4943960228961535,0.5472456680644324,0.04482926440919429,0.16126689181844234
c,math_trained,math,0,4,473,0.5361445425678959,0.6232221219964194,0.5536630095378829,0.7067078811326136,0.49604141562904447,0.46634205782169025,0.52475830279251,0.5044959191958273,0.45245576535513427,0.5602211217984978,0.5208187134502924,0.48857780050740307,0.5501094597723972,0.04710351403243446,0.18621631231802693
c,math_trained_cw,math,0,0,473,0.5341756660684956,0.6165700113068534,0.5445928851037604,0.6938698743987401,0.524791273165257,0.4592694810556352,0.5912321575299189,0.49484532859369307,0.441154014226188,0.5470074671007936,0.500496051208179,0.45933275838020743,0.5453508369423384,0.0910064028792603,0.18203533722312273
c,tfidf_math_trained,math,0,0,473,0.5174270835663792,0.5441097959555712,0.4946468391121919,0.6039656554279162,0.5092839527132006,0.4466879579165739,0.5732023335868065,0.5015079779401549,0.4395166105650424,0.5613914922433669,0.5148066076565904,0.463584954862196,0.5650174613921604,0.07645656572578091,-0.12205190563558622
c,tfidf_math_trained,programming,0,0,400,0.21033406783407316,0.16483340385639886,0.11648357655608098,0.21792947387962483,0.269617443530487,0.22956893735024184,0.3144334115615424,0.2684382371147785,0.21096860752965121,0.32331943041101696,0.13844718683462817,0.0860767417676752,0.18437361021004983,0.23500624071677012,-0.4540109384772525
d,tfidf_math_plus_k,programming,0,0,162,0.18485414468205508,0.09878048780487804,0.05388387068405547,0.15051666034734193,0.27363918889811994,0.20554914789393022,0.3400602595503911,0.2743585728081852,0.18406180723439017,0.35658098845598846,0.09263832921703713,0.044211194983506195,0.13834041205064992,0.2301802776086609,-0.4366518739240468
d,tfidf_math_plus_k,programming,0,1,162,0.18485414468205508,0.09878048780487804,0.05391002668625162,0.1494607122945972,0.27363918889811994,0.2022287466042637,0.34248442488214553,0.2743585728081852,0.18547751035958362,0.36672979540438205,0.09263832921703713,0.04386237418495484,0.13692595875887528,0.2301802776086609,-0.4366518739240468
d,tfidf_math_plus_k,programming,0,2,162,0.18485414468205508,0.09878048780487804,0.05413883239084716,0.1482307682570976,0.27363918889811994,0.1997220621369228,0.3426893068294543,0.2743585728081852,0.18212625453854575,0.3602787802654702,0.09263832921703713,0.04617091242091243,0.1393744903617208,0.2301802776086609,-0.4366518739240468
d,tfidf_math_plus_k,programming,0,3,162,0.18485414468205508,0.09878048780487804,0.05436606221435943,0.14569043713972998,0.27363918889811994,0.20241460939063535,0.33747898638130275,0.2743585728081852,0.18295382366480467,0.36169665855684036,0.09263832921703713,0.04251000942784029,0.13895259096546417,0.2301802776086609,-0.4366518739240468
d,tfidf_math_plus_k,programming,0,4,162,0.18485414468205508,0.09878048780487804,0.05464571713251828,0.14773830085988363,0.27363918889811994,0.20458540328769334,0.3390398772467491,0.2743585728081852,0.18707819111283946,0.35579582750483735,0.09263832921703713,0.0433425362536413,0.13798639795980217,0.2301802776086609,-0.4366518739240468
d,tfidf_math_plus_k,programming,128,0,162,0.29511789294659263,0.26368159203980096,0.23076679340937895,0.2853968848908879,0.2941293770439499,0.2272645815537596,0.3408762155617076,0.32334087481146306,0.25270709599782615,0.44278166278166264,0.29931972789115646,0.2832796281314704,0.3132537669474892,0.13716876821145238,-0.49645339469858346
d,tfidf_math_plus_k,programming,128,1,162,0.2731525383821716,0.26368159203980096,0.23285110288585958,0.2869212283790203,0.27673527037933815,0.20860626614987082,0.3362747555162415,0.2528735632183908,0.22372664753343802,0.28362599681020734,0.29931972789115646,0.28373450770682607,0.3136177851422259,0.12740167756082904,-0.45520364204421615
d,tfidf_math_plus_k,programming,128,2,162,0.35609696150311193,0.3046448087431694,0.24498111328086478,0.35901562188527325,0.28522781154360105,0.2286500146925458,0.3386031533697611,0.47608556832694765,0.31005526105746256,0.6557335369718547,0.35842965739872956,0.28965423026191817,0.41703102453102453,0.1470619995218269,-0.5412100710440763
d,tfidf_math_plus_k,programming,128,3,162,0.2863402639920224,0.33178893178893176,0.2528678707574727,0.4133527367631274,0.23293172690763053,0.20220958959362714,0.2585063335679099,0.28132066938037087,0.24561403508771928,0.3341238618938525,0.29931972789115646,0.28310286895838715,0.3136123680241327,0.14366791027232878,-0.4843049027059554
d,tfidf_math_plus_k,programming,128,4,162,0.3191981482532912,0.296969696969697,0.24375494182762908,0.3618437809000726,0.25057471264367814,0.17839272066507575,0.3058733310975853,0.36830082586540147,0.26048035924884333,0.44220675024107997,0.3609473575343882,0.29131516684343645,0.42222435078756915,0.15798897312553736,-0.46205118454911875
d,tfidf_math_plus_k,programming,16,0,162,0.30853856782817113,0.3006672711631908,0.2370355107855108,0.3526005169102328,0.3477032083432848,0.2599204330338671,0.4110824690236454,0.251621271076524,0.2222222222222222,0.28182171174106657,0.33416252072968494,0.2859126272022752,0.3826786288034316,0.17215325122671377,-0.5238370974688125
d,tfidf_math_plus_k,programming,16,1,162,0.2944667358778675,0.29525641025641025,0.2304354983956862,0.3704768667403825,0.28454550017567637,0.21658022043189057,0.33995321379580634,0.2545561434450323,0.2021781905517363,0.3283954853168827,0.34350888963435094,0.28231028303052774,0.41053673163418275,0.15465845305326173,-0.5726613221206557
d,tfidf_math_plus_k,programming,16,2,162,0.3144913776377781,0.30349248452696725,0.2347637190619647,0.3566457536694834,0.31257982120051087,0.21419644730014684,0.3992308005987851,0.3246311084820402,0.2466076103860312,0.4190275325479729,0.31726209634159425,0.26362806476425577,0.3582678867566927,0.10081583093059304,-0.49304589100313756
d,tfidf_math_plus_k,programming,16,3,162,0.29620231359001803,0.3075808249721293,0.23687186349949818,0.3967556100995081,0.24,0.20512321660181584,0.2687792272416269,0.3192531374349556,0.23501625449901314,0.42670283442349605,0.3179752919529871,0.27632405554544903,0.36012655463048615,0.153175244686007,-0.4666331129458486
d,tfidf_math_plus_k,programming,16,4,162,0.2914064353862379,0.2964627261205208,0.23924097179955367,0.36396855802171413,0.23848238482384823,0.2014640324214792,0.26769842167331703,0.2610899873257288,0.2366325369738339,0.2867442854091006,0.36959064327485375,0.29258060636130595,0.4678203885250421,0.17446499512207625,-0.37281113437819446
d,tfidf_math_plus_k,programming,32,0,162,0.3117481201524835,0.30913799482056975,0.23799333942664516,0.3759621389539422,0.2814929873452419,0.21478426430554873,0.363657139738753,0.2910720212412878,0.24073058167885755,0.36761685107978087,0.3652894772028346,0.29725108225108227,0.41970049565050765,0.2018416488655129,-0.42070083618886484
d,tfidf_math_plus_k,programming,32,1,162,0.29143311068211797,0.2805421794185839,0.24052287581699347,0.330342576526787,0.2504199422159511,0.21070794524888203,0.2795857479010888,0.265179677819083,0.24073906939430403,0.2908696451553594,0.36959064327485375,0.29333333333333333,0.4667580475105434,0.20155877096507113,-0.38581255458442526
d,tfidf_math_plus_k,programming,32,2,162,0.31912241477255265,0.30983050847457627,0.2443694590558702,0.36417796626568294,0.2414698162729659,0.20549175627240146,0.26984264293952875,0.3823321914855257,0.2887838723776224,0.4776295229959022,0.3428571428571428,0.25608741158130727,0.40941798941798935,0.1160238421751902,-0.5373307812110957
d,tfidf_math_plus_k,programming,32,3,162,0.28586628534083547,0.26368159203980096,0.2331258562153791,0.2857219662058371,0.2414698162729659,0.20671567685309755,0.2712484187223276,0.27106227106227104,0.24875424464976706,0.29429734302830746,0.36725146198830405,0.28809285714285715,0.4746388277380297,0.1814643970993769,-0.2837992855863144
d,tfidf_math_plus_k,programming,32,4,162,0.30148405105966924,0.3067193675889328,0.2421458523486382,0.3682711234128525,0.2414698162729659,0.20537124802527648,0.26976928755998525,0.26666666666666666,0.243210566132402,0.2902342389411355,0.3910803537101115,0.2965669347849637,0.4997963648866175,0.18020990981606044,-0.4929738887829224
d,tfidf_math_plus_k,programming,64,0,162,0.2765519510345579,0.30963795668705574,0.23808691308691313,0.39541105845350294,0.22764227642276424,0.1929016201444466,0.2547176202894104,0.2696078431372549,0.24793288977732691,0.2922003803063008,0.29931972789115646,0.2832796281314704,0.3132537669474892,0.17346181292987625,-0.3966407396075835
d,tfidf_math_plus_k,programming,64,1,162,0.2953019792353846,0.26368159203980096,0.23285110288585958,0.2869212283790203,0.2855166963050781,0.228870286771696,0.32478503863457303,0.27106227106227104,0.24836434573829533,0.2947854839146814,0.3609473575343882,0.2876818333571804,0.5295207729468596,0.1607772779587499,0.332835810378524
d,tfidf_math_plus_k,programming,64,2,162,0.34227462551721427,0.29445145018915514,0.23717422150636602,0.34304803408478796,0.2663802363050483,0.20903842704690162,0.3298453635597885,0.41043771043771043,0.31316769635864533,0.5186533929084781,0.3978291051369431,0.2935108077360637,0.48233851361972946,0.16840066861732503,-0.4642839049766053
d,tfidf_math_plus_k,programming,64,3,162,0.2842902592273565,0.26368159203980096,0.2331258562153791,0.2857219662058371,0.2414698162729659,0.20671567685309755,0.2712484187223276,0.27106227106227104,0.24875424464976706,0.29429734302830746,0.3609473575343882,0.28487250926277097,0.542450398819161,0.1486687548470875,-0.22530232126366861
d,tfidf_math_plus_k,programming,64,4,162,0.3077927333063901,0.26368159203980096,0.23284389037648334,0.2863276299112801,0.2414698162729659,0.20537124802527648,0.26976928755998525,0.32334087481146306,0.25156809181966416,0.43552296040648064,0.4026786501013306,0.29326047358834245,0.5296213762854739,0.15470080619235493,-0.2780962941309225
d,tfidf_math_plus_k,programming,8,0,162,0.28947901252284414,0.25013107481347047,0.21246722504513949,0.29097273831360354,0.3672238191561092,0.2749224457459752,0.4368712776360483,0.24561403508771928,0.2089189284490923,0.281069924296489,0.29494712103407755,0.24136860151020437,0.34069260700049786,0.11224447957482378,-0.45063058746954676
d,tfidf_math_plus_k,programming,8,1,162,0.29285650396600976,0.3005042386159688,0.23457936836759244,0.35770200091766907,0.3164440953129091,0.2295068086643534,0.3828692819071899,0.2501758087201125,0.1936208195399372,0.32383975331137166,0.3043018732150487,0.24463048627044628,0.3649405356914007,0.13633257386825348,-0.58336766748966
d,tfidf_math_plus_k,programming,8,2,162,0.29172569550057836,0.2963496377877401,0.2342353909842908,0.35466923908775194,0.3197324414715719,0.21851407083939836,0.4051620817557814,0.3017754217828268,0.2184542051469232,0.40683111379196907,0.24904528096017456,0.1911091050281499,0.30251221782105586,0.0593258893319434,-0.41179698063190756
d,tfidf_math_plus_k,programming,8,3,162,0.311899066834414,0.3448280423280423,0.2650503239807342,0.42715131779262505,0.3257764490948348,0.24409060846560846,0.39011638339337984,0.3144440399627877,0.2404290918424714,0.4064867635920266,0.26254773595199127,0.20241159514588059,0.31883242970049835,0.08599685647365601,-0.5399472266377756
d,tfidf_math_plus_k,programming,8,4,162,0.2891508064667799,0.27359796268615405,0.21052631578947367,0.3249144407783578,0.350316169828365,0.27388376427067335,0.4048155355510479,0.2540455147090218,0.19466431524025757,0.315068639240016,0.27864357864357864,0.21266336229811728,0.33452879614534897,0.0779166495054307,-0.4887509174166398
e,tfidf_prog_only,programming,0,0,162,0.14747202743237506,0.26368159203980096,0.23076679340937895,0.2853968848908879,0.2414698162729659,0.20621468926553674,0.27125152323551693,0.04597701149425287,0.008266105042716763,0.07921184975640419,0.03875968992248062,0.009130866958655611,0.07070848146267139,0.2716049382716049,
e,tfidf_prog_only,programming,0,1,162,0.14747202743237506,0.26368159203980096,0.23285110288585958,0.2869212283790203,0.2414698162729659,0.20851016536076913,0.27083498677248674,0.04597701149425287,0.00854297693920336,0.07974650133656805,0.03875968992248062,0.00876908179539759,0.07265151515151515,0.2716049382716049,
e,tfidf_prog_only,programming,0,2,162,0.14747202743237506,0.26368159203980096,0.2332153237761267,0.2861284270269003,0.2414698162729659,0.20549175627240146,0.26984264293952875,0.04597701149425287,0.005374210616146104,0.07826513213981243,0.03875968992248062,0.009007497430316225,0.07197669428272874,0.2716049382716049,
e,tfidf_prog_only,programming,0,3,162,0.14747202743237506,0.26368159203980096,0.2331258562153791,0.2857219662058371,0.2414698162729659,0.20671567685309755,0.2712484187223276,0.04597701149425287,0.006346239430351586,0.07810536012535081,0.03875968992248062,0.008492569002123142,0.07143193435566314,0.2716049382716049,
e,tfidf_prog_only,programming,0,4,162,0.14747202743237506,0.26368159203980096,0.23284389037648334,0.2863276299112801,0.2414698162729659,0.20537124802527648,0.26976928755998525,0.04597701149425287,0.005208333333333333,0.0784313725490196,0.03875968992248062,0.009130866958655611,0.0697350069735007,0.2716049382716049,
e,tfidf_prog_only,programming,128,0,162,0.4565047778384854,0.2606516290726817,0.2289830917874396,0.28156923122364735,0.4498166319754187,0.3150653116764517,0.5373919401906188,0.5284163473818646,0.3714709523406729,0.6094746716697936,0.5871345029239766,0.4986942916220508,0.6365932968105844,0.2531694062182812,-0.40058964890876164
e,tfidf_prog_only,programming,128,1,162,0.47638062246266455,0.26368159203980096,0.23285110288585958,0.2869212283790203,0.43913825569573034,0.3262853618490122,0.5133546833331315,0.5781412386063548,0.4037444647609707,0.6615882474997038,0.624561403508772,0.5223375800001501,0.6529115025005436,0.28197780090533386,-0.41774085822567814
e,tfidf_prog_only,programming,128,2,162,0.4898261872076538,0.4285612535612535,0.30366327578228935,0.5124065218787773,0.4581107239643825,0.36067166309357424,0.5500241873097892,0.504130355846042,0.3572098993366156,0.6190609686757367,0.5685024154589372,0.41207727312401315,0.6548630449615019,0.2162562350764382,-0.5105006181744225
e,tfidf_prog_only,programming,128,3,162,0.40983396872053685,0.3871125290480129,0.3121302753140767,0.4500281918290328,0.38382291995274237,0.25212897990296534,0.5246768541964358,0.4121487737534513,0.28062214711069866,0.6094628561083685,0.4562516521279408,0.30580844971658977,0.5609459373102852,0.1830617526226362,-0.38890677030554677
e,tfidf_prog_only,programming,128,4,162,0.4608986395503254,0.3243715348978507,0.25057574757145573,0.3978186294540699,0.3909782585553832,0.26930531557830206,0.5376934831767555,0.5362878406356667,0.36731999135742455,0.6190492485967771,0.5919569241124011,0.440376224442676,0.6405501887275287,0.2166832288940993,-0.43391245429261094
e,tfidf_prog_only,programming,16,0,162,0.2913015441942496,0.3047761566280085,0.26383199197553414,0.34118781802420245,0.29004802119556217,0.21004841103291294,0.3776745233156031,0.27106227106227104,0.24934026816935426,0.29333333333333333,0.29931972789115646,0.2832796281314704,0.3132537669474892,0.18022073748440165,-0.39713764573661603
e,tfidf_prog_only,programming,16,1,162,0.27521237956106803,0.26368159203980096,0.23285110288585958,0.2869212283790203,0.2667859272510435,0.18958823877132006,0.36047979163334776,0.27106227106227104,0.24836434573829533,0.2947854839146814,0.29931972789115646,0.28373450770682607,0.3136177851422259,0.20752964008800495,-0.23445645170793827
e,tfidf_prog_only,programming,16,2,162,0.2532693184369291,0.15501529051987767,0.11010370988559742,0.20534057303988584,0.2876799842744115,0.22202486836284208,0.3566845456955164,0.27106227106227104,0.24896985730319066,0.29420141262246524,0.29931972789115646,0.28484801576132845,0.31354674560792506,0.13298726275222922,-0.5126891726122047
e,tfidf_prog_only,programming,16,3,162,0.28149105679580116,0.26368159203980096,0.2331258562153791,0.2857219662058371,0.2414698162729659,0.20671567685309755,0.2712484187223276,0.28872549019607846,0.25833150072894656,0.3280449586945176,0.33208732867435936,0.2928940319297118,0.37768858523859494,0.24718966829241393,0.1095932327119316
e,tfidf_prog_only,programming,16,4,162,0.27426170826763674,0.26368159203980096,0.23284389037648334,0.2863276299112801,0.2629832420773187,0.2129447186176839,0.31100294823096974,0.27106227106227104,0.24800770412949324,0.2943740981240981,0.29931972789115646,0.2842072104660276,0.3137254901960784,0.18822917278175574,-0.40811867105009536
e,tfidf_prog_only,programming,32,0,162,0.36183863088968105,0.34762034762034766,0.2800455046033282,0.4152239709443099,0.33382973442541575,0.25125474377031537,0.39318715257859926,0.32334087481146306,0.2525244135709252,0.5059706774519716,0.4425635667014977,0.3009815606334594,0.6070680929376581,0.2160895545571615,-0.46217271966061163
e,tfidf_prog_only,programming,32,1,162,0.2732825123587531,0.26368159203980096,0.23285110288585958,0.2869212283790203,0.25906645844178383,0.17631309643286436,0.33324409268501404,0.27106227106227104,0.24836434573829533,0.2947854839146814,0.29931972789115646,0.28373450770682607,0.3136177851422259,0.20183334455101726,-0.479882710581535
e,tfidf_prog_only,programming,32,2,162,0.31469921719777916,0.3022030651340996,0.24626685039532628,0.36538840830449826,0.2582972582972583,0.21704204071534605,0.2974522263665943,0.35951159586300774,0.25276481183792016,0.5428438903947083,0.338784949496751,0.22221062025881305,0.5081318025865833,0.13568921567248937,-0.5570596025524972
e,tfidf_prog_only,programming,32,3,162,0.26888335181654854,0.26368159203980096,0.2331258562153791,0.2857219662058371,0.2414698162729659,0.20671567685309755,0.2712484187223276,0.27106227106227104,0.24875424464976706,0.29429734302830746,0.29931972789115646,0.28310286895838715,0.3136123680241327,0.22498577731093475,
e,tfidf_prog_only,programming,32,4,162,0.32190057939163663,0.3475942956150873,0.2740136272429125,0.409414189679807,0.3696260229980317,0.2796786108906833,0.44722344489547494,0.27106227106227104,0.24800770412949324,0.2943740981240981,0.29931972789115646,0.2842072104660276,0.3137254901960784,0.22408905113733252,-0.3873710367689359
e,tfidf_prog_only,programming,64,0,162,0.35397426510780317,0.32112994350282487,0.25499754901960786,0.37350045845314983,0.2414698162729659,0.20621468926553674,0.27125152323551693,0.44081632653061226,0.30367980453416654,0.6226470336562298,0.4124809741248097,0.29456922635217214,0.5499777144887223,0.2490441684215025,-0.6039850571259182
e,tfidf_prog_only,programming,64,1,162,0.3015713318762626,0.26368159203980096,0.23285110288585958,0.2869212283790203,0.37222173651182217,0.2540499764262141,0.4630563017648974,0.27106227106227104,0.24836434573829533,0.2947854839146814,0.29931972789115646,0.28373450770682607,0.3136177851422259,0.22777807632936653,0.15301547556380407
e,tfidf_prog_only,programming,64,2,162,0.45113635652848016,0.404672605094546,0.25429048351118344,0.5398943342325009,0.38392367757421075,0.24749176240092619,0.4886394163363276,0.5155789592409311,0.3804386578485491,0.6102899959117939,0.5003701842042328,0.3545426911456097,0.5990373568079848,0.2153957525166485,-0.32211634051525473
e,tfidf_prog_only,programming,64,3,162,0.3118355032123443,0.31963109354413705,0.2410670518207283,0.4114551301189232,0.3573289203518127,0.29758757058621227,0.41878746609822665,0.27106227106227104,0.24875424464976706,0.29429734302830746,0.29931972789115646,0.28310286895838715,0.3136123680241327,0.18764977657129145,-0.31869195751849444
e,tfidf_prog_only,programming,64,4,162,0.38196719850440686,0.26368159203980096,0.23284389037648334,0.2863276299112801,0.44429882044560937,0.3614610752291645,0.5078481433416044,0.40740740740740744,0.25156809181966416,0.6039673932057517,0.4124809741248097,0.2889608309409692,0.5436017482908196,0.26431665868240173,-0.21141227763205223
e,tfidf_prog_only,programming,8,0,162,0.2362020393813942,0.33038573508005825,0.27396737181772185,0.3907352497893684,0.26912568306010926,0.1932429604055231,0.34075328407224953,0.04597701149425287,0.008266105042716763,0.07921184975640419,0.29931972789115646,0.2832796281314704,0.3132537669474892,0.1980020178085848,-0.41832125748231996
e,tfidf_prog_only,programming,8,1,162,0.26888335181654854,0.26368159203980096,0.23285110288585958,0.2869212283790203,0.2414698162729659,0.20851016536076913,0.27083498677248674,0.27106227106227104,0.24836434573829533,0.2947854839146814,0.29931972789115646,0.28373450770682607,0.3136177851422259,0.17863582797291527,
e,tfidf_prog_only,programming,8,2,162,0.27094926856710666,0.2719452590420332,0.22229191487119238,0.32433304529813173,0.2414698162729659,0.20549175627240146,0.26984264293952875,0.27106227106227104,0.24896985730319066,0.29420141262246524,0.29931972789115646,0.28484801576132845,0.31354674560792506,0.1881624584240124,-0.3550524836009889
e,tfidf_prog_only,programming,8,3,162,0.2907011514504534,0.30212573496155587,0.24429071512658834,0.34762321686275144,0.29029687188683,0.22749531439186613,0.3555270074829081,0.27106227106227104,0.24875424464976706,0.29429734302830746,0.29931972789115646,0.28310286895838715,0.3136123680241327,0.26556796312277453,-0.6243502969658207
e,tfidf_prog_only,programming,8,4,162,0.2233888333559366,0.19089409323604944,0.11408857273522628,0.27326853633880577,0.13464696223316913,0.0886319845857418,0.17985005375431448,0.26869455006337134,0.24737776425238384,0.28905088622069747,0.29931972789115646,0.2842072104660276,0.3137254901960784,0.23066045743489239,-0.3465793703201947
